{"cameraMode":{"drawMode":0,"name":"Shaded","section":"Shading Mode"},"sceneLighting":true,"audioPlay":false,"sceneViewState":{"m_AlwaysRefresh":false,"showFog":true,"showSkybox":true,"showFlares":true,"showImageEffects":true,"showParticleSystems":true,"showVisualEffectGraphs":true,"m_FxEnabled":true},"in2DMode":false,"pivot":{"x":-20.42938232421875,"y":7.255302906036377,"z":2.914797067642212},"rotation":{"x":0.013757787644863129,"y":0.6691955924034119,"z":-0.011610496789216996,"w":0.7428354620933533},"size":9.557101249694825,"orthographic":false}